{
  "config": {
    "dim": 4096,
    "device": null,
    "max_vocab": 2048,
    "corpus_source": "wikitext",
    "wikitext_name": "wikitext-2-raw-v1",
    "codebook_path": "reports/phase3c_reconstruction/phase3c_codebook_reconstruction.pt",
    "scale_landscape": "2:4096,3:2048,4:1024",
    "eval_window_sizes": "4,8",
    "mask_position": "center",
    "betas": "10,30",
    "alpha": 0.3,
    "max_iter": 12,
    "decode_k": 10,
    "test_samples": 500,
    "seeds": "11,17,23,1,2",
    "output_dir": "reports/ham_5seed"
  },
  "rows": [
    {
      "eval_w": 4,
      "seed": 11,
      "beta": 10.0,
      "bigram": 0.049479166666666664,
      "summed_top1": 0.0859375,
      "summed_topk": 0.3307291666666667,
      "summed_cap_t05": 0.2578125,
      "ham_geom_top1": 0.06770833333333333,
      "ham_geom_topk": 0.3203125,
      "ham_geom_cap_t05": 0.0,
      "ham_geom_iter": 11.890625,
      "ham_arith_top1": 0.109375,
      "ham_arith_topk": 0.3333333333333333,
      "ham_arith_cap_t05": 0.0,
      "ham_arith_iter": 12.0,
      "n": 384
    },
    {
      "eval_w": 4,
      "seed": 11,
      "beta": 30.0,
      "bigram": 0.049479166666666664,
      "summed_top1": 0.11458333333333333,
      "summed_topk": 0.328125,
      "summed_cap_t05": 0.2421875,
      "ham_geom_top1": 0.1171875,
      "ham_geom_topk": 0.3151041666666667,
      "ham_geom_cap_t05": 0.049479166666666664,
      "ham_geom_iter": 8.364583333333334,
      "ham_arith_top1": 0.11458333333333333,
      "ham_arith_topk": 0.3151041666666667,
      "ham_arith_cap_t05": 0.06770833333333333,
      "ham_arith_iter": 8.458333333333334,
      "n": 384
    },
    {
      "eval_w": 4,
      "seed": 17,
      "beta": 10.0,
      "bigram": 0.06442577030812324,
      "summed_top1": 0.08123249299719888,
      "summed_topk": 0.3389355742296919,
      "summed_cap_t05": 0.2857142857142857,
      "ham_geom_top1": 0.05322128851540616,
      "ham_geom_topk": 0.32492997198879553,
      "ham_geom_cap_t05": 0.0,
      "ham_geom_iter": 11.806722689075631,
      "ham_arith_top1": 0.07282913165266107,
      "ham_arith_topk": 0.3333333333333333,
      "ham_arith_cap_t05": 0.0,
      "ham_arith_iter": 11.8515406162465,
      "n": 357
    },
    {
      "eval_w": 4,
      "seed": 17,
      "beta": 30.0,
      "bigram": 0.06442577030812324,
      "summed_top1": 0.13445378151260504,
      "summed_topk": 0.3389355742296919,
      "summed_cap_t05": 0.2773109243697479,
      "ham_geom_top1": 0.12605042016806722,
      "ham_geom_topk": 0.33613445378151263,
      "ham_geom_cap_t05": 0.047619047619047616,
      "ham_geom_iter": 8.35014005602241,
      "ham_arith_top1": 0.13445378151260504,
      "ham_arith_topk": 0.34173669467787116,
      "ham_arith_cap_t05": 0.0784313725490196,
      "ham_arith_iter": 8.568627450980392,
      "n": 357
    },
    {
      "eval_w": 4,
      "seed": 23,
      "beta": 10.0,
      "bigram": 0.06371191135734072,
      "summed_top1": 0.12188365650969529,
      "summed_topk": 0.32132963988919666,
      "summed_cap_t05": 0.27146814404432135,
      "ham_geom_top1": 0.11080332409972299,
      "ham_geom_topk": 0.3157894736842105,
      "ham_geom_cap_t05": 0.0,
      "ham_geom_iter": 11.81163434903047,
      "ham_arith_top1": 0.11357340720221606,
      "ham_arith_topk": 0.32409972299168976,
      "ham_arith_cap_t05": 0.0,
      "ham_arith_iter": 11.880886426592797,
      "n": 361
    },
    {
      "eval_w": 4,
      "seed": 23,
      "beta": 30.0,
      "bigram": 0.06371191135734072,
      "summed_top1": 0.12465373961218837,
      "summed_topk": 0.3185595567867036,
      "summed_cap_t05": 0.25761772853185594,
      "ham_geom_top1": 0.13573407202216067,
      "ham_geom_topk": 0.296398891966759,
      "ham_geom_cap_t05": 0.0443213296398892,
      "ham_geom_iter": 8.839335180055402,
      "ham_arith_top1": 0.14127423822714683,
      "ham_arith_topk": 0.3407202216066482,
      "ham_arith_cap_t05": 0.060941828254847646,
      "ham_arith_iter": 8.853185595567867,
      "n": 361
    },
    {
      "eval_w": 4,
      "seed": 1,
      "beta": 10.0,
      "bigram": 0.06933333333333333,
      "summed_top1": 0.13866666666666666,
      "summed_topk": 0.31733333333333336,
      "summed_cap_t05": 0.24266666666666667,
      "ham_geom_top1": 0.128,
      "ham_geom_topk": 0.30933333333333335,
      "ham_geom_cap_t05": 0.0,
      "ham_geom_iter": 11.666666666666666,
      "ham_arith_top1": 0.128,
      "ham_arith_topk": 0.312,
      "ham_arith_cap_t05": 0.0,
      "ham_arith_iter": 11.821333333333333,
      "n": 375
    },
    {
      "eval_w": 4,
      "seed": 1,
      "beta": 30.0,
      "bigram": 0.06933333333333333,
      "summed_top1": 0.13333333333333333,
      "summed_topk": 0.32266666666666666,
      "summed_cap_t05": 0.256,
      "ham_geom_top1": 0.13333333333333333,
      "ham_geom_topk": 0.288,
      "ham_geom_cap_t05": 0.05333333333333334,
      "ham_geom_iter": 8.258666666666667,
      "ham_arith_top1": 0.144,
      "ham_arith_topk": 0.312,
      "ham_arith_cap_t05": 0.07466666666666667,
      "ham_arith_iter": 8.373333333333333,
      "n": 375
    },
    {
      "eval_w": 4,
      "seed": 2,
      "beta": 10.0,
      "bigram": 0.06036745406824147,
      "summed_top1": 0.12860892388451445,
      "summed_topk": 0.30971128608923887,
      "summed_cap_t05": 0.24671916010498687,
      "ham_geom_top1": 0.12860892388451445,
      "ham_geom_topk": 0.29658792650918636,
      "ham_geom_cap_t05": 0.0,
      "ham_geom_iter": 11.821522309711286,
      "ham_arith_top1": 0.12860892388451445,
      "ham_arith_topk": 0.3123359580052493,
      "ham_arith_cap_t05": 0.0,
      "ham_arith_iter": 11.908136482939632,
      "n": 381
    },
    {
      "eval_w": 4,
      "seed": 2,
      "beta": 30.0,
      "bigram": 0.06036745406824147,
      "summed_top1": 0.14960629921259844,
      "summed_topk": 0.30446194225721784,
      "summed_cap_t05": 0.2440944881889764,
      "ham_geom_top1": 0.14173228346456693,
      "ham_geom_topk": 0.2992125984251969,
      "ham_geom_cap_t05": 0.06299212598425197,
      "ham_geom_iter": 8.929133858267717,
      "ham_arith_top1": 0.14435695538057744,
      "ham_arith_topk": 0.29658792650918636,
      "ham_arith_cap_t05": 0.08661417322834646,
      "ham_arith_iter": 8.761154855643044,
      "n": 381
    },
    {
      "eval_w": 8,
      "seed": 11,
      "beta": 10.0,
      "bigram": 0.037900874635568516,
      "summed_top1": 0.05539358600583091,
      "summed_topk": 0.3206997084548105,
      "summed_cap_t05": 0.1836734693877551,
      "ham_geom_top1": 0.13119533527696792,
      "ham_geom_topk": 0.32653061224489793,
      "ham_geom_cap_t05": 0.0,
      "ham_geom_iter": 11.82798833819242,
      "ham_arith_top1": 0.13119533527696792,
      "ham_arith_topk": 0.33819241982507287,
      "ham_arith_cap_t05": 0.0,
      "ham_arith_iter": 11.941690962099125,
      "n": 343
    },
    {
      "eval_w": 8,
      "seed": 11,
      "beta": 30.0,
      "bigram": 0.037900874635568516,
      "summed_top1": 0.15160349854227406,
      "summed_topk": 0.34110787172011664,
      "summed_cap_t05": 0.30612244897959184,
      "ham_geom_top1": 0.15743440233236153,
      "ham_geom_topk": 0.34402332361516036,
      "ham_geom_cap_t05": 0.05830903790087463,
      "ham_geom_iter": 8.521865889212828,
      "ham_arith_top1": 0.15160349854227406,
      "ham_arith_topk": 0.3206997084548105,
      "ham_arith_cap_t05": 0.08163265306122448,
      "ham_arith_iter": 8.300291545189504,
      "n": 343
    },
    {
      "eval_w": 8,
      "seed": 17,
      "beta": 10.0,
      "bigram": 0.04941860465116279,
      "summed_top1": 0.14534883720930233,
      "summed_topk": 0.32558139534883723,
      "summed_cap_t05": 0.28488372093023256,
      "ham_geom_top1": 0.11627906976744186,
      "ham_geom_topk": 0.32558139534883723,
      "ham_geom_cap_t05": 0.0,
      "ham_geom_iter": 11.383720930232558,
      "ham_arith_top1": 0.13372093023255813,
      "ham_arith_topk": 0.31976744186046513,
      "ham_arith_cap_t05": 0.0,