{
  "config": {
    "repo_root": "/Users/dypatterson/Desktop/Neuro-AI",
    "dim": 4096,
    "device": "mps",
    "landscape_size": 64,
    "beta": 3.0,
    "test_samples": 500,
    "seeds": [
      17,
      1,
      2,
      3,
      4,
      5
    ],
    "window_sizes": [
      2,
      3,
      4
    ],
    "wikitext_name": "wikitext-2-raw-v1",
    "out_csv": "reports/native_w_codebook_eval.csv"
  },
  "aggregates": {
    "random_at_W@W2": {
      "label": "random_at_W",
      "window_size": 2,
      "n": 3000,
      "recall_at_k": {
        "1": {
          "value": 0.041666666666666664,
          "ci_lower": 0.03508270873296189,
          "ci_upper": 0.04942294562644242
        },
        "5": {
          "value": 0.047,
          "ci_lower": 0.039988644757950845,
          "ci_upper": 0.05517003471436222
        },
        "10": {
          "value": 0.06466666666666666,
          "ci_lower": 0.0564107042444245,
          "ci_upper": 0.0740361209143988
        },
        "20": {
          "value": 0.074,
          "ci_lower": 0.06516761039864352,
          "ci_upper": 0.08392200870777008
        },
        "50": {
          "value": 0.11833333333333333,
          "ci_lower": 0.10726003746253049,
          "ci_upper": 0.13038285289493712
        }
      },
      "target_rank_stats": {
        "n_in_topK": 3000,
        "mean": 858.711,
        "median": 773.0,
        "p25": 260.0,
        "p75": 1451.0
      },
      "mean_settled_synergy": -0.0004405309405798713
    },
    "hebbian_w8@W2": {
      "label": "hebbian_w8",
      "window_size": 2,
      "n": 3000,
      "recall_at_k": {
        "1": {
          "value": 0.10833333333333334,
          "ci_lower": 0.09770819843771897,
          "ci_upper": 0.11996026983304474
        },
        "5": {
          "value": 0.24333333333333335,
          "ci_lower": 0.22831293963943303,
          "ci_upper": 0.2590102268018335
        },
        "10": {
          "value": 0.317,
          "ci_lower": 0.30059223052211476,
          "ci_upper": 0.33387584529120384
        },
        "20": {
          "value": 0.392,
          "ci_lower": 0.3746788551543629,
          "ci_upper": 0.40959738630923503
        },
        "50": {
          "value": 0.4683333333333333,
          "ci_lower": 0.45052885738489684,
          "ci_upper": 0.48621880600720757
        }
      },
      "target_rank_stats": {
        "n_in_topK": 3000,
        "mean": 405.7443333333333,
        "median": 66.0,
        "p25": 5.0,
        "p75": 672.25
      },
      "mean_settled_synergy": 0.45986388667863015
    },
    "reconstruction_w8@W2": {
      "label": "reconstruction_w8",
      "window_size": 2,
      "n": 3000,
      "recall_at_k": {
        "1": {
          "value": 0.08766666666666667,
          "ci_lower": 0.07806652461806629,
          "ci_upper": 0.098321471340176
        },
        "5": {
          "value": 0.19666666666666666,
          "ci_lower": 0.18283483055891447,
          "ci_upper": 0.2112743661444004
        },
        "10": {
          "value": 0.285,
          "ci_lower": 0.269129295393445,
          "ci_upper": 0.30142062974242106
        },
        "20": {
          "value": 0.37666666666666665,
          "ci_lower": 0.3594953645264487,
          "ci_upper": 0.3941534297375365
        },
        "50": {
          "value": 0.4786666666666667,
          "ci_lower": 0.4608293865009837,
          "ci_upper": 0.49655851304738147
        }
      },
      "target_rank_stats": {
        "n_in_topK": 3000,
        "mean": 381.23833333333334,
        "median": 63.0,
        "p25": 8.0,
        "p75": 606.0
      },
      "mean_settled_synergy": 0.3461091680857159
    },
    "per_scale_w2@W2": {
      "label": "per_scale_w2",
      "window_size": 2,
      "n": 3000,
      "recall_at_k": {
        "1": {
          "value": 0.015,
          "ci_lower": 0.011229317874161187,
          "ci_upper": 0.02001121092069937
        },
        "5": {
          "value": 0.046,
          "ci_lower": 0.0390666200059293,
          "ci_upper": 0.05409461725771337
        },
        "10": {
          "value": 0.08233333333333333,
          "ci_lower": 0.07302311078479438,
          "ci_upper": 0.09271186006053914
        },
        "20": {
          "value": 0.117,
          "ci_lower": 0.1059848654639316,
          "ci_upper": 0.12899476861530884
        },
        "50": {
          "value": 0.20866666666666667,
          "ci_lower": 0.19450252831104448,
          "ci_upper": 0.2235759748963151
        }
      },
      "target_rank_stats": {
        "n_in_topK": 3000,
        "mean": 517.4636666666667,
        "median": 189.0,
        "p25": 63.25,
        "p75": 897.0
      },
      "mean_settled_synergy": 0.10000276172403634
    },
    "random_at_W@W3": {
      "label": "random_at_W",
      "window_size": 3,
      "n": 3000,
      "recall_at_k": {
        "1": {
          "value": 0.014666666666666666,
          "ci_lower": 0.010943708126149603,
          "ci_upper": 0.01963100659915416
        },
        "5": {
          "value": 0.03166666666666667,
          "ci_lower": 0.025974777159449982,
          "ci_upper": 0.03855645511325043
        },
        "10": {
          "value": 0.033,
          "ci_lower": 0.027181050677686617,
          "ci_upper": 0.04001343787324098
        },
        "20": {
          "value": 0.046,
          "ci_lower": 0.0390666200059293,
          "ci_upper": 0.05409461725771337
        },
        "50": {
          "value": 0.059,
          "ci_lower": 0.05111881113667284,
          "ci_upper": 0.06800917483968491
        }
      },
      "target_rank_stats": {
        "n_in_topK": 3000,
        "mean": 870.1,
        "median": 791.5,
        "p25": 311.0,
        "p75": 1435.5
      },
      "mean_settled_synergy": -0.0015520157919963822
    },
    "hebbian_w8@W3": {
      "label": "hebbian_w8",
      "window_size": 3,
      "n": 3000,
      "recall_at_k": {
        "1": {
          "value": 0.09733333333333333,
          "ci_lower": 0.08723564928318005,
          "ci_upper": 0.10846095469220934
        },
        "5": {
          "value": 0.23933333333333334,
          "ci_lower": 0.22440439940570064,
          "ci_upper": 0.25492899820088427
        },
        "10": {
          "value": 0.295,
          "ci_lower": 0.2789512245006351,
          "ci_upper": 0.3115731227219349
        },
        "20": {
          "value": 0.3536666666666667,
          "ci_lower": 0.3367548825784378,
          "ci_upper": 0.3709527408861285
        },
        "50": {
          "value": 0.42933333333333334,
          "ci_lower": 0.4117221391162306,
          "ci_upper": 0.44712527813772857
        }
      },
      "target_rank_stats": {
        "n_in_topK": 3000,
        "mean": 460.931,
        "median": 114.0,
        "p25": 5.0,
        "p75": 855.5
      },
      "mean_settled_synergy": 0.3027638199617698
    },
    "reconstruction_w8@W3": {
      "label": "reconstruction_w8",
      "window_size": 3,
      "n": 3000,
      "recall_at_k": {
        "1": {
          "value": 0.08966666666666667,
          "ci_lower": 0.07996073956264307,
          "ci_upper": 0.10042214081294001
        },
        "5": {
          "value": 0.221,
          "ci_lower": 0.20651428132853455,
          "ci_upper": 0.23619934245242652
        },
        "10": {
          "value": 0.30733333333333335,
          "ci_lower": 0.291077871761834,
          "ci_upper": 0.32408159603433756
        },
        "20": {
          "value": 0.4083333333333333,
          "ci_lower": 0.3908724146943312,
          "ci_upper": 0.4260287161775497
        },
        "50": {
          "value": 0.48233333333333334,
          "ci_lower": 0.46448625258961607,
          "ci_upper": 0.5002256017238738
        }
      },
      "target_rank_stats": {
        "n_in_topK": 3000,
        "mean": 407.798,
        "median": 60.0,
        "p25": 6.0,
        "p75": 660.5
      },
      "mean_settled_synergy": 0.2531104103578837
    },