{
  "original_5": {
    "dR10_per_seed": [
      0.013333333333333308,
      0.01428571428571429,
      -0.008733624454148492,
      0.035242290748898675,
      0.018181818181818188
    ],
    "dtop1_per_seed": [
      -0.026666666666666658,
      -0.05714285714285714,
      -0.004366812227074232,
      0.0,
      -0.04090909090909091
    ],
    "dcapt5_per_seed": [
      0.0044444444444444176,
      0.08095238095238094,
      -0.04366812227074238,
      0.026431718061673992,
      -0.03636363636363635
    ],
    "cb_R10_per_seed": [
      0.0044444444444444176,
      0.0,
      -0.004366812227074246,
      0.03083700440528636,
      0.0
    ],
    "pooled_R10_delta": 0.014401440144014399,
    "pooled_A": 372,
    "pooled_C": 388,
    "pooled_n": 1111
  },
  "new_5": {
    "dR10_per_seed": [
      -0.01376139999999998,
      0.0,
      0.03448269999999998,
      0.0,
      0.0
    ],
    "dtop1_per_seed": [
      -0.0045872,
      -0.004672900000000008,
      -0.0775862,
      0.013953499999999994,
      0.022421499999999997
    ],
    "dcapt5_per_seed": [
      -0.036697199999999985,
      -0.004672900000000008,
      0.08620689999999998,
      -0.009302300000000013,
      -0.01345300000000002
    ],
    "cb_R10_per_seed": [
      -0.009174299999999969,
      0.00934579999999996,
      0.017241300000000015,
      -0.009302299999999986,
      0.0
    ],
    "pooled_R10_delta": 0.00453720508166966,
    "pooled_A": 357,
    "pooled_C": 362,
    "pooled_n": 1102
  },
  "all_10": {
    "dR10_per_seed": [
      0.013333333333333308,
      0.01428571428571429,
      -0.008733624454148492,
      0.035242290748898675,
      0.018181818181818188,
      -0.01376139999999998,
      0.0,
      0.03448269999999998,
      0.0,
      0.0
    ],
    "dtop1_per_seed": [
      -0.026666666666666658,
      -0.05714285714285714,
      -0.004366812227074232,
      0.0,
      -0.04090909090909091,
      -0.0045872,
      -0.004672900000000008,
      -0.0775862,
      0.013953499999999994,
      0.022421499999999997
    ],
    "dcapt5_per_seed": [
      0.0044444444444444176,
      0.08095238095238094,
      -0.04366812227074238,
      0.026431718061673992,
      -0.03636363636363635,
      -0.036697199999999985,
      -0.004672900000000008,
      0.08620689999999998,
      -0.009302300000000013,
      -0.01345300000000002
    ],
    "cb_R10_per_seed": [
      0.0044444444444444176,
      0.0,
      -0.004366812227074246,
      0.03083700440528636,
      0.0,
      -0.009174299999999969,
      0.00934579999999996,
      0.017241300000000015,
      -0.009302299999999986,
      0.0
    ],
    "pooled_R10_delta": 0.0094893809308631,
    "pooled_A": 729,
    "pooled_C": 750,
    "pooled_n": 2213
  },
  "all_10_seeds": [
    17,
    11,
    23,
    1,
    2,
    3,
    5,
    7,
    13,
    19
  ]
}