{
  "config": {
    "repo_root": "/Users/dypatterson/Desktop/Neuro-AI",
    "dim": 4096,
    "device": "mps",
    "window_size": 8,
    "landscape_size": 64,
    "beta": 3.0,
    "test_samples": 500,
    "mask_position": "end",
    "seeds": [
      17,
      1,
      2,
      3,
      4,
      5
    ],
    "wikitext_name": "wikitext-2-raw-v1",
    "atom_sample_pairs": 200000,
    "out_csv": "reports/reconstruction_characterization.csv"
  },
  "atom_profiles": {
    "random": {
      "n_pairs": 200000,
      "mean": -2.67281031148741e-06,
      "std": 0.01103925820178944,
      "p05": -0.018153073266148567,
      "p50": 2.049986505880952e-06,
      "p95": 0.01817527450621127,
      "p99": 0.025615260004997253,
      "p999": 0.03390803454816323,
      "max": 0.049680858850479126
    },
    "hebbian": {
      "n_pairs": 200000,
      "mean": 0.40943061884745957,
      "std": 0.03295115071431299,
      "p05": 0.35214446783065795,
      "p50": 0.41329941153526306,
      "p95": 0.4517545640468597,
      "p99": 0.4769226866960526,
      "p999": 0.5260482618808738,
      "max": 0.6627944707870483
    },
    "reconstruction": {
      "n_pairs": 200000,
      "mean": 0.4102211799589917,
      "std": 0.03221477203301602,
      "p05": 0.35367053747177124,
      "p50": 0.4145345985889435,
      "p95": 0.45149454176425935,
      "p99": 0.46923490226268777,
      "p999": 0.4943650145828723,
      "max": 0.6612575054168701
    },
    "error_driven": {
      "n_pairs": 200000,
      "mean": 0.4060116280832514,
      "std": 0.032197561765797744,
      "p05": 0.3489029437303543,
      "p50": 0.4106880724430084,
      "p95": 0.4467715173959732,
      "p99": 0.46352423459291464,
      "p999": 0.4916633617877932,
      "max": 0.6539623737335205
    }
  },
  "aggregates": {
    "random": {
      "n": 2191,
      "recall_at_k": {
        "1": {
          "value": 0.08352350524874487,
          "ci_lower": 0.07265456724809173,
          "ci_upper": 0.09585034900645711
        },
        "5": {
          "value": 0.10725696029210406,
          "ci_lower": 0.0949802885403458,
          "ci_upper": 0.1209084571440808
        },
        "10": {
          "value": 0.11592879963486992,
          "ci_lower": 0.10319068409307774,
          "ci_upper": 0.13001138388303496
        },
        "20": {
          "value": 0.13646736649931537,
          "ci_lower": 0.12272778459589799,
          "ci_upper": 0.15147952038683968
        },
        "50": {
          "value": 0.1519853947968964,
          "ci_lower": 0.13756261791925617,
          "ci_upper": 0.16762642169070932
        }
      },
      "target_rank_stats": {
        "n_in_topK": 2191,
        "mean": 878.9383842994066,
        "median": 802,
        "p25": 229.0,
        "p75": 1504.0
      },
      "by_frequency_bucket": {
        "q1_most_frequent": {
          "n": 2191,
          "settled_synergy_mean": 0.0018610495768231563,
          "recall_at_1": 0.08352350524874487,
          "recall_at_5": 0.10725696029210406
        }
      }
    },
    "hebbian": {
      "n": 2191,
      "recall_at_k": {
        "1": {
          "value": 0.08717480602464628,
          "ci_lower": 0.07607359059515843,
          "ci_upper": 0.09972114557167928
        },
        "5": {
          "value": 0.2190780465540849,
          "ci_lower": 0.20225830906584505,
          "ci_upper": 0.2368811714324287
        },
        "10": {
          "value": 0.2898219990871748,
          "ci_lower": 0.2712059758916985,
          "ci_upper": 0.3091737654071725
        },
        "20": {
          "value": 0.3427658603377453,
          "ci_lower": 0.3231821726118702,
          "ci_upper": 0.36289995741518954
        },
        "50": {
          "value": 0.4276586033774532,
          "ci_lower": 0.40708672538905183,
          "ci_upper": 0.4484837175987246
        }
      },
      "target_rank_stats": {
        "n_in_topK": 2191,
        "mean": 452.34185303514374,
        "median": 117,
        "p25": 6.0,
        "p75": 790.0
      },
      "by_frequency_bucket": {
        "q1_most_frequent": {
          "n": 2191,
          "settled_synergy_mean": 0.2522401598641128,
          "recall_at_1": 0.08717480602464628,
          "recall_at_5": 0.2190780465540849
        }
      }
    },
    "reconstruction": {
      "n": 2191,
      "recall_at_k": {
        "1": {
          "value": 0.043359196713829304,
          "ci_lower": 0.03560045725210754,
          "ci_upper": 0.05271643996726355
        },
        "5": {
          "value": 0.1204929256047467,
          "ci_lower": 0.10752167834694805,
          "ci_upper": 0.1347926645195258
        },
        "10": {
          "value": 0.1716111364673665,
          "ci_lower": 0.15640135160510904,
          "ci_upper": 0.18797047003340922
        },
        "20": {
          "value": 0.21953445915107256,
          "ci_lower": 0.2027009974267633,
          "ci_upper": 0.23734971056054655
        },
        "50": {
          "value": 0.2761296211775445,
          "ci_lower": 0.25781305783642555,
          "ci_upper": 0.29522985879136215
        }
      },
      "target_rank_stats": {
        "n_in_topK": 2191,
        "mean": 658.035143769968,
        "median": 377,
        "p25": 32.0,
        "p75": 1245.0
      },
      "by_frequency_bucket": {
        "q1_most_frequent": {
          "n": 2191,
          "settled_synergy_mean": 0.22967732514842723,
          "recall_at_1": 0.043359196713829304,
          "recall_at_5": 0.1204929256047467
        }
      }
    },
    "error_driven": {
      "n": 2191,
      "recall_at_k": {
        "1": {
          "value": 0.03057964399817435,
          "ci_lower": 0.024151335716205858,
          "ci_upper": 0.03865119181015413
        },
        "5": {
          "value": 0.13235965312642628,
          "ci_lower": 0.11881095190535734,
          "ci_upper": 0.14719530567605535
        },
        "10": {
          "value": 0.1697854860794158,
          "ci_lower": 0.15464558431427142,
          "ci_upper": 0.18608132736810237
        },
        "20": {
          "value": 0.23413966225467822,
          "ci_lower": 0.21688283912279493,
          "ci_upper": 0.25232714851367044
        },
        "50": {
          "value": 0.31583751711547237,
          "ci_lower": 0.2967095850820681,
          "ci_upper": 0.33561012309186117
        }
      },
      "target_rank_stats": {
        "n_in_topK": 2191,
        "mean": 527.3756275673209,
        "median": 294,
        "p25": 23.0,
        "p75": 922.0
      },
      "by_frequency_bucket": {
        "q1_most_frequent": {
          "n": 2191,
          "settled_synergy_mean": 0.2221432065839668,
          "recall_at_1": 0.03057964399817435,
          "recall_at_5": 0.13235965312642628
        }
      }
    }
  }
}