{
  "config": {
    "dim": 4096,
    "window_size": 3,
    "codebook_size": 64,
    "n_windows": 32,
    "n_retrievals": 200,
    "beta": 3.0,
    "cue_noise": 1.5,
    "replay_every": 10,
    "replay_batch_size": 6,
    "resolve_threshold": 0.2,
    "store_threshold": 0.001,
    "seeds": [
      11,
      23,
      41
    ],
    "out": "reports/synergy_probe_phase4_aggressive.json"
  },
  "seeds": [
    {
      "seed": 11,
      "n_candidates": 120,
      "settled_synergy_ratio": 0.20266225195263088,
      "candidate_synergy_ratio": 0.17604433420398174,
      "raw": {
        "stage": "raw",
        "n_artifacts": 32,
        "n_probes": 96,
        "recover": 0.5241447643687328,
        "baseline_from_role": -0.0011793904413934797,
        "baseline_from_binding": -0.003797528531625479,
        "synergy": 0.5210603885461751
      },
      "settled": {
        "stage": "settled",
        "n_artifacts": 200,
        "n_probes": 600,
        "recover": 0.11023778522852808,
        "baseline_from_role": -0.0012514761458927144,
        "baseline_from_binding": -0.0006449857903256392,
        "synergy": 0.10559927174608068
      },
      "candidates": {
        "stage": "candidates",
        "n_artifacts": 120,
        "n_probes": 360,
        "recover": 0.09665409356562628,
        "baseline_from_role": -0.0016699509514081809,
        "baseline_from_binding": -5.386858069363775e-05,
        "synergy": 0.09172972918167943
      }
    },
    {
      "seed": 23,
      "n_candidates": 120,
      "settled_synergy_ratio": 0.18820840917659176,
      "candidate_synergy_ratio": 0.18718917732924265,
      "raw": {
        "stage": "raw",
        "n_artifacts": 32,
        "n_probes": 96,
        "recover": 0.5243141756703457,
        "baseline_from_role": -0.0019761751160937515,
        "baseline_from_binding": -0.0024020107157411985,
        "synergy": 0.5207781538811105
      },
      "settled": {
        "stage": "settled",
        "n_artifacts": 200,
        "n_probes": 600,
        "recover": 0.10337057564097146,
        "baseline_from_role": -0.0015497786091873422,
        "baseline_from_binding": 2.5915984297171233e-05,
        "synergy": 0.09801482787588611
      },
      "candidates": {
        "stage": "candidates",
        "n_artifacts": 120,
        "n_probes": 360,
        "recover": 0.10301557916940915,
        "baseline_from_role": -0.0014348088611667563,
        "baseline_from_binding": 5.4991076144182847e-05,
        "synergy": 0.0974840341960468
      }
    },
    {
      "seed": 41,
      "n_candidates": 120,
      "settled_synergy_ratio": 0.1668482446281154,
      "candidate_synergy_ratio": 0.1590140231260283,
      "raw": {
        "stage": "raw",
        "n_artifacts": 32,
        "n_probes": 96,
        "recover": 0.5240535419434309,
        "baseline_from_role": 0.00014262498492219797,
        "baseline_from_binding": 0.005342936284553919,
        "synergy": 0.5151968557171737
      },
      "settled": {
        "stage": "settled",
        "n_artifacts": 200,
        "n_probes": 600,
        "recover": 0.09241132611370025,
        "baseline_from_role": -0.00040409103540393215,
        "baseline_from_binding": 0.0012833816148728754,
        "synergy": 0.08595969101433487
      },
      "candidates": {
        "stage": "candidates",
        "n_artifacts": 120,
        "n_probes": 360,
        "recover": 0.0880731920672891,
        "baseline_from_role": -0.000794762809204662,
        "baseline_from_binding": 0.0011333555426164012,
        "synergy": 0.08192352472946772
      }
    }
  ],
  "aggregate": {
    "raw_mean_synergy": 0.5190117993814863,
    "settled_mean_synergy": 0.09652459687876723,
    "candidate_mean_synergy": 0.09037909603573131,
    "settled_ratio_mean": 0.1859063019191127,
    "settled_ratio_stdev": 0.014711346041492724,
    "candidate_ratio_mean": 0.1740825115530842,
    "n_seeds_with_candidates": 3,
    "n_seeds": 3
  }
}