{
  "config": {
    "dim": 4096,
    "device": null,
    "max_vocab": 2048,
    "corpus_source": "wikitext",
    "wikitext_name": "wikitext-2-raw-v1",
    "codebook_path": "reports/phase3c_reconstruction/phase3c_codebook_reconstruction.pt",
    "scale_landscape": "2:4096,3:2048,4:1024",
    "eval_window_sizes": "4,8",
    "mask_position": "center",
    "betas": "10,30",
    "alpha": 0.3,
    "max_iter": 12,
    "decode_k": 10,
    "test_samples": 500,
    "seeds": "11,17,23",
    "output_dir": "reports/phase5_ham_full"
  },
  "rows": [
    {
      "eval_w": 4,
      "seed": 11,
      "beta": 10.0,
      "bigram": 0.049479166666666664,
      "summed_top1": 0.0859375,
      "summed_topk": 0.3307291666666667,
      "summed_cap_t05": 0.2578125,
      "ham_geom_top1": 0.06770833333333333,
      "ham_geom_topk": 0.3203125,
      "ham_geom_cap_t05": 0.0,
      "ham_geom_iter": 11.890625,
      "ham_arith_top1": 0.109375,
      "ham_arith_topk": 0.3333333333333333,
      "ham_arith_cap_t05": 0.0,
      "ham_arith_iter": 12.0,
      "n": 384
    },
    {
      "eval_w": 4,
      "seed": 11,
      "beta": 30.0,
      "bigram": 0.049479166666666664,
      "summed_top1": 0.11458333333333333,
      "summed_topk": 0.328125,
      "summed_cap_t05": 0.2421875,
      "ham_geom_top1": 0.1171875,
      "ham_geom_topk": 0.3151041666666667,
      "ham_geom_cap_t05": 0.049479166666666664,
      "ham_geom_iter": 8.364583333333334,
      "ham_arith_top1": 0.11458333333333333,
      "ham_arith_topk": 0.3151041666666667,
      "ham_arith_cap_t05": 0.06770833333333333,
      "ham_arith_iter": 8.458333333333334,
      "n": 384
    },
    {
      "eval_w": 4,
      "seed": 17,
      "beta": 10.0,
      "bigram": 0.06442577030812324,
      "summed_top1": 0.08123249299719888,
      "summed_topk": 0.3389355742296919,
      "summed_cap_t05": 0.2857142857142857,
      "ham_geom_top1": 0.05322128851540616,
      "ham_geom_topk": 0.32492997198879553,
      "ham_geom_cap_t05": 0.0,
      "ham_geom_iter": 11.806722689075631,
      "ham_arith_top1": 0.07282913165266107,
      "ham_arith_topk": 0.3333333333333333,
      "ham_arith_cap_t05": 0.0,
      "ham_arith_iter": 11.8515406162465,
      "n": 357
    },
    {
      "eval_w": 4,
      "seed": 17,
      "beta": 30.0,
      "bigram": 0.06442577030812324,
      "summed_top1": 0.13445378151260504,
      "summed_topk": 0.3389355742296919,
      "summed_cap_t05": 0.2773109243697479,
      "ham_geom_top1": 0.12605042016806722,
      "ham_geom_topk": 0.33613445378151263,
      "ham_geom_cap_t05": 0.047619047619047616,
      "ham_geom_iter": 8.35014005602241,
      "ham_arith_top1": 0.13445378151260504,
      "ham_arith_topk": 0.34173669467787116,
      "ham_arith_cap_t05": 0.0784313725490196,
      "ham_arith_iter": 8.568627450980392,
      "n": 357
    },
    {
      "eval_w": 4,
      "seed": 23,
      "beta": 10.0,
      "bigram": 0.06371191135734072,
      "summed_top1": 0.12188365650969529,
      "summed_topk": 0.32132963988919666,
      "summed_cap_t05": 0.27146814404432135,
      "ham_geom_top1": 0.11080332409972299,
      "ham_geom_topk": 0.3157894736842105,
      "ham_geom_cap_t05": 0.0,
      "ham_geom_iter": 11.81163434903047,
      "ham_arith_top1": 0.11357340720221606,
      "ham_arith_topk": 0.32409972299168976,
      "ham_arith_cap_t05": 0.0,
      "ham_arith_iter": 11.880886426592797,
      "n": 361
    },
    {
      "eval_w": 4,
      "seed": 23,
      "beta": 30.0,
      "bigram": 0.06371191135734072,
      "summed_top1": 0.12465373961218837,
      "summed_topk": 0.3185595567867036,
      "summed_cap_t05": 0.25761772853185594,
      "ham_geom_top1": 0.13573407202216067,
      "ham_geom_topk": 0.296398891966759,
      "ham_geom_cap_t05": 0.0443213296398892,
      "ham_geom_iter": 8.839335180055402,
      "ham_arith_top1": 0.14127423822714683,
      "ham_arith_topk": 0.3407202216066482,
      "ham_arith_cap_t05": 0.060941828254847646,
      "ham_arith_iter": 8.853185595567867,
      "n": 361
    },
    {
      "eval_w": 8,
      "seed": 11,
      "beta": 10.0,
      "bigram": 0.037900874635568516,
      "summed_top1": 0.09620991253644315,
      "summed_topk": 0.33527696793002915,
      "summed_cap_t05": 0.24489795918367346,
      "ham_geom_top1": 0.12536443148688048,
      "ham_geom_topk": 0.3236151603498542,
      "ham_geom_cap_t05": 0.0,
      "ham_geom_iter": 11.816326530612244,
      "ham_arith_top1": 0.1282798833819242,
      "ham_arith_topk": 0.33527696793002915,
      "ham_arith_cap_t05": 0.0,
      "ham_arith_iter": 11.88338192419825,
      "n": 343
    },
    {
      "eval_w": 8,
      "seed": 11,
      "beta": 30.0,
      "bigram": 0.037900874635568516,
      "summed_top1": 0.14285714285714285,
      "summed_topk": 0.34110787172011664,
      "summed_cap_t05": 0.2857142857142857,
      "ham_geom_top1": 0.15160349854227406,
      "ham_geom_topk": 0.34110787172011664,
      "ham_geom_cap_t05": 0.061224489795918366,
      "ham_geom_iter": 8.53935860058309,
      "ham_arith_top1": 0.15160349854227406,
      "ham_arith_topk": 0.3323615160349854,
      "ham_arith_cap_t05": 0.09037900874635568,
      "ham_arith_iter": 8.358600583090379,
      "n": 343
    },
    {
      "eval_w": 8,
      "seed": 17,
      "beta": 10.0,
      "bigram": 0.04941860465116279,
      "summed_top1": 0.14244186046511628,
      "summed_topk": 0.31976744186046513,
      "summed_cap_t05": 0.2877906976744186,
      "ham_geom_top1": 0.13662790697674418,
      "ham_geom_topk": 0.3313953488372093,
      "ham_geom_cap_t05": 0.0,
      "ham_geom_iter": 11.276162790697674,
      "ham_arith_top1": 0.14244186046511628,
      "ham_arith_topk": 0.3226744186046512,
      "ham_arith_cap_t05": 0.0,
      "ham_arith_iter": 11.569767441860465,
      "n": 344
    },
    {
      "eval_w": 8,
      "seed": 17,
      "beta": 30.0,
      "bigram": 0.04941860465116279,
      "summed_top1": 0.15406976744186046,
      "summed_topk": 0.311046511627907,
      "summed_cap_t05": 0.2761627906976744,
      "ham_geom_top1": 0.15988372093023256,
      "ham_geom_topk": 0.3430232558139535,
      "ham_geom_cap_t05": 0.0755813953488372,
      "ham_geom_iter": 8.26453488372093,
      "ham_arith_top1": 0.15988372093023256,
      "ham_arith_topk": 0.34011627906976744,
      "ham_arith_cap_t05": 0.10755813953488372,
      "ham_arith_iter": 8.386627906976743,
      "n": 344
    },
    {
      "eval_w": 8,
      "seed": 23,
      "beta": 10.0,
      "bigram": 0.06557377049180328,
      "summed_top1": 0.11475409836065574,
      "summed_topk": 0.3469945355191257,
      "summed_cap_t05": 0.2103825136612022,
      "ham_geom_top1": 0.12568306010928962,
      "ham_geom_topk": 0.32786885245901637,
      "ham_geom_cap_t05": 0.0,
      "ham_geom_iter": 11.688524590163935,
      "ham_arith_top1": 0.12568306010928962,
      "ham_arith_topk": 0.3360655737704918,
      "ham_arith_cap_t05": 0.0,
      "ham_arith_iter": 11.882513661202186,
      "n": 366
    },
    {
      "eval_w": 8,
      "seed": 23,
      "beta": 30.0,
      "bigram": 0.06557377049180328,
      "summed_top1": 0.14207650273224043,
      "summed_topk": 0.3633879781420765,
      "summed_cap_t05": 0.28415300546448086,
      "ham_geom_top1": 0.1448087431693989,
      "ham_geom_topk": 0.35792349726775957,
      "ham_geom_cap_t05": 0.06557377049180328,
      "ham_geom_iter": 8.918032786885245,
      "ham_arith_top1": 0.15027322404371585,
      "ham_arith_topk": 0.3551912568306011,
      "ham_arith_cap_t05": 0.07377049180327869,
      "ham_arith_iter": 8.926229508196721,
      "n": 366
    }
  ]
}