{
  "config": {
    "dim": 4096,
    "device": null,
    "max_vocab": 2048,
    "corpus_source": "wikitext",
    "wikitext_name": "wikitext-2-raw-v1",
    "seeds": "11",
    "window_size": 2,
    "landscape_size": 4096,
    "mask_position": "center",
    "beta": 10.0,
    "decode_k": 10,
    "n_cues": 3500,
    "checkpoint_every": 500,
    "test_samples": 300,
    "lr_pull": 0.02,
    "lr_push": 0.05,
    "consolidation_k": 100,
    "quality_threshold": 0.15,
    "repulsion_threshold": 0.05,
    "repulsion_strength": 0.05,
    "conditions": "unstable,stable_v2",
    "output_dir": "reports/phase34_stable_v2"
  },
  "results": {
    "B_unstable": {
      "11": [
        {
          "top1": 0.014634146341463415,
          "topk": 0.014634146341463415,
          "cap_t_05": 0.014634146341463415,
          "n": 205,
          "mean_retrieval_top_score": 0.9999218449359987,
          "cues_seen": 0,
          "condition": "B_unstable",
          "drift_from_initial": 0.0,
          "pair_sim_abs_mean": 0.008768599480390549,
          "pair_sim_p95": 0.021788690239191055,
          "pair_sim_max": 0.0443117693066597,
          "consolidations": 0,
          "failure_rate": 0.0,
          "repulsion_events": 0
        },
        {
          "top1": 0.07317073170731707,
          "topk": 0.23902439024390243,
          "cap_t_05": 0.014634146341463415,
          "n": 205,
          "mean_retrieval_top_score": 0.9999217937632305,
          "cues_seen": 500,
          "condition": "B_unstable",
          "drift_from_initial": 4.1198527469532564e-05,
          "pair_sim_abs_mean": 0.008910881355404854,
          "pair_sim_p95": 0.02165815234184265,
          "pair_sim_max": 0.039591915905475616,
          "consolidations": 5,
          "failure_rate": 1.0,
          "repulsion_events": 0
        },
        {
          "top1": 0.04390243902439024,
          "topk": 0.2682926829268293,
          "cap_t_05": 0.0,
          "n": 205,
          "mean_retrieval_top_score": 0.9999217923094587,
          "cues_seen": 1000,
          "condition": "B_unstable",
          "drift_from_initial": 9.928921645041555e-05,
          "pair_sim_abs_mean": 0.008737189695239067,
          "pair_sim_p95": 0.02179092727601528,
          "pair_sim_max": 0.04046923294663429,
          "consolidations": 10,
          "failure_rate": 1.0,
          "repulsion_events": 0
        },
        {
          "top1": 0.04878048780487805,
          "topk": 0.2780487804878049,
          "cap_t_05": 0.0,
          "n": 205,
          "mean_retrieval_top_score": 0.9999217768994774,
          "cues_seen": 1500,
          "condition": "B_unstable",
          "drift_from_initial": 0.00018215514137409627,
          "pair_sim_abs_mean": 0.008958003483712673,
          "pair_sim_p95": 0.021371930837631226,
          "pair_sim_max": 0.04154875874519348,
          "consolidations": 15,
          "failure_rate": 1.0,
          "repulsion_events": 0
        },
        {
          "top1": 0.04878048780487805,
          "topk": 0.33170731707317075,
          "cap_t_05": 0.0,
          "n": 205,
          "mean_retrieval_top_score": 0.9999217963800198,
          "cues_seen": 2000,
          "condition": "B_unstable",
          "drift_from_initial": 0.0003012261586263776,
          "pair_sim_abs_mean": 0.008829839527606964,
          "pair_sim_p95": 0.022104153409600258,
          "pair_sim_max": 0.040199391543865204,
          "consolidations": 20,
          "failure_rate": 1.0,
          "repulsion_events": 0
        },
        {
          "top1": 0.04878048780487805,
          "topk": 0.2926829268292683,
          "cap_t_05": 0.0,
          "n": 205,
          "mean_retrieval_top_score": 0.9999217757364599,
          "cues_seen": 2500,
          "condition": "B_unstable",
          "drift_from_initial": 0.0004395490395836532,
          "pair_sim_abs_mean": 0.008895826525986195,
          "pair_sim_p95": 0.022037498652935028,
          "pair_sim_max": 0.03928595036268234,
          "consolidations": 25,
          "failure_rate": 1.0,
          "repulsion_events": 0
        },
        {
          "top1": 0.01951219512195122,
          "topk": 0.28780487804878047,
          "cap_t_05": 0.0,
          "n": 205,
          "mean_retrieval_top_score": 0.999921779807021,
          "cues_seen": 3000,
          "condition": "B_unstable",
          "drift_from_initial": 0.0005360604263842106,
          "pair_sim_abs_mean": 0.008731850422918797,
          "pair_sim_p95": 0.021661613136529922,
          "pair_sim_max": 0.045358557254076004,
          "consolidations": 29,
          "failure_rate": 0.9856666666666667,
          "repulsion_events": 0
        },
        {
          "top1": 0.05365853658536585,
          "topk": 0.2682926829268293,
          "cap_t_05": 0.0,
          "n": 205,
          "mean_retrieval_top_score": 0.999921832433561,
          "cues_seen": 3500,
          "condition": "B_unstable",
          "drift_from_initial": 0.0006179180345498025,
          "pair_sim_abs_mean": 0.008693655021488667,
          "pair_sim_p95": 0.021546507254242897,
          "pair_sim_max": 0.04146557301282883,
          "consolidations": 33,
          "failure_rate": 0.9554285714285714,
          "repulsion_events": 0
        }
      ]
    },
    "D_stable_v2": {
      "11": [
        {
          "top1": 0.014634146341463415,
          "topk": 0.014634146341463415,
          "cap_t_05": 0.014634146341463415,
          "n": 205,
          "mean_retrieval_top_score": 0.9999218449359987,
          "cues_seen": 0,
          "condition": "D_stable_v2",
          "drift_from_initial": 0.0,
          "pair_sim_abs_mean": 0.008768599480390549,
          "pair_sim_p95": 0.021788690239191055,
          "pair_sim_max": 0.0443117693066597,
          "consolidations": 0,
          "failure_rate": 0.0,
          "repulsion_events": 0
        },
        {
          "top1": 0.07317073170731707,
          "topk": 0.07317073170731707,
          "cap_t_05": 0.014634146341463415,
          "n": 205,
          "mean_retrieval_top_score": 0.9999217850405996,
          "cues_seen": 500,
          "condition": "D_stable_v2",
          "drift_from_initial": 3.7835256080143154e-05,
          "pair_sim_abs_mean": 0.00890954677015543,
          "pair_sim_p95": 0.021609392017126083,
          "pair_sim_max": 0.039591915905475616,
          "consolidations": 5,
          "failure_rate": 1.0,
          "repulsion_events": 5
        },
        {
          "top1": 0.07317073170731707,
          "topk": 0.07317073170731707,
          "cap_t_05": 0.014634146341463415,
          "n": 205,
          "mean_retrieval_top_score": 0.9999217702121269,
          "cues_seen": 1000,
          "condition": "D_stable_v2",
          "drift_from_initial": 8.86836860445328e-05,
          "pair_sim_abs_mean": 0.008743545971810818,
          "pair_sim_p95": 0.021759169176220894,
          "pair_sim_max": 0.04046923294663429,
          "consolidations": 10,
          "failure_rate": 1.0,
          "repulsion_events": 8
        },
        {
          "top1": 0.07317073170731707,
          "topk": 0.0975609756097561,
          "cap_t_05": 0.014634146341463415,
          "n": 205,
          "mean_retrieval_top_score": 0.9999217577096893,
          "cues_seen": 1500,
          "condition": "D_stable_v2",
          "drift_from_initial": 0.00015885620086919516,
          "pair_sim_abs_mean": 0.008954181335866451,
          "pair_sim_p95": 0.02138778194785118,
          "pair_sim_max": 0.04154875874519348,
          "consolidations": 15,
          "failure_rate": 1.0,
          "repulsion_events": 11
        },
        {
          "top1": 0.07317073170731707,
          "topk": 0.1073170731707317,
          "cap_t_05": 0.014634146341463415,
          "n": 205,
          "mean_retrieval_top_score": 0.9999217722474075,
          "cues_seen": 2000,
          "condition": "D_stable_v2",
          "drift_from_initial": 0.00024876935640349984,